DisasterOccurred,SocialWelfare,Theta,ChosenEp,ChosenEs,Payoff,RunId,iteration,nu,theta_L,theta_H,delta_W,safety_bonus,performance_bonus,developer_class,developer_params,contract_type
False,-39.23685259241391,2.0,0.09210316405272234,3.199704080549104,39.23685259241391,0,0,0.5,1.0,2.0,1000.0,150.0,75.0,<class 'src.agents.rational.RationalDeveloperAgent'>,{},optimal
False,-39.23685259241391,2.0,0.09210316405272234,3.199704080549104,39.23685259241391,1,1,0.5,1.0,2.0,1000.0,150.0,75.0,<class 'src.agents.rational.RationalDeveloperAgent'>,{},optimal
False,-39.23685259241391,2.0,0.09210316405272234,3.199704080549104,39.23685259241391,2,2,0.5,1.0,2.0,1000.0,150.0,75.0,<class 'src.agents.rational.RationalDeveloperAgent'>,{},optimal
False,-39.23963910986585,1.0,0.060929872554081534,2.6828190801274854,39.23963910986585,3,3,0.5,1.0,2.0,1000.0,150.0,75.0,<class 'src.agents.rational.RationalDeveloperAgent'>,{},optimal
False,-39.23685259241391,2.0,0.09210316405272234,3.199704080549104,39.23685259241391,4,4,0.5,1.0,2.0,1000.0,150.0,75.0,<class 'src.agents.rational.RationalDeveloperAgent'>,{},optimal
False,-39.23963910986585,1.0,0.060929872554081534,2.6828190801274854,39.23963910986585,5,5,0.5,1.0,2.0,1000.0,150.0,75.0,<class 'src.agents.rational.RationalDeveloperAgent'>,{},optimal
False,-39.23685259241391,2.0,0.09210316405272234,3.199704080549104,39.23685259241391,6,6,0.5,1.0,2.0,1000.0,150.0,75.0,<class 'src.agents.rational.RationalDeveloperAgent'>,{},optimal
False,-39.23963910986585,1.0,0.060929872554081534,2.6828190801274854,39.23963910986585,7,7,0.5,1.0,2.0,1000.0,150.0,75.0,<class 'src.agents.rational.RationalDeveloperAgent'>,{},optimal
False,-39.23685259241391,2.0,0.09210316405272234,3.199704080549104,39.23685259241391,8,8,0.5,1.0,2.0,1000.0,150.0,75.0,<class 'src.agents.rational.RationalDeveloperAgent'>,{},optimal
False,-39.23963910986585,1.0,0.060929872554081534,2.6828190801274854,39.23963910986585,9,9,0.5,1.0,2.0,1000.0,150.0,75.0,<class 'src.agents.rational.RationalDeveloperAgent'>,{},optimal
False,-39.23685259241391,2.0,0.09210316405272234,3.199704080549104,39.23685259241391,10,10,0.5,1.0,2.0,1000.0,150.0,75.0,<class 'src.agents.rational.RationalDeveloperAgent'>,{},optimal
False,-39.23685259241391,2.0,0.09210316405272234,3.199704080549104,39.23685259241391,11,11,0.5,1.0,2.0,1000.0,150.0,75.0,<class 'src.agents.rational.RationalDeveloperAgent'>,{},optimal
False,-39.23685259241391,2.0,0.09210316405272234,3.199704080549104,39.23685259241391,12,12,0.5,1.0,2.0,1000.0,150.0,75.0,<class 'src.agents.rational.RationalDeveloperAgent'>,{},optimal
False,-39.23963910986585,1.0,0.060929872554081534,2.6828190801274854,39.23963910986585,13,13,0.5,1.0,2.0,1000.0,150.0,75.0,<class 'src.agents.rational.RationalDeveloperAgent'>,{},optimal
False,-39.23685259241391,2.0,0.09210316405272234,3.199704080549104,39.23685259241391,14,14,0.5,1.0,2.0,1000.0,150.0,75.0,<class 'src.agents.rational.RationalDeveloperAgent'>,{},optimal
False,-39.23685259241391,2.0,0.09210316405272234,3.199704080549104,39.23685259241391,15,15,0.5,1.0,2.0,1000.0,150.0,75.0,<class 'src.agents.rational.RationalDeveloperAgent'>,{},optimal
False,-39.23963910986585,1.0,0.060929872554081534,2.6828190801274854,39.23963910986585,16,16,0.5,1.0,2.0,1000.0,150.0,75.0,<class 'src.agents.rational.RationalDeveloperAgent'>,{},optimal
False,-39.23685259241391,2.0,0.09210316405272234,3.199704080549104,39.23685259241391,17,17,0.5,1.0,2.0,1000.0,150.0,75.0,<class 'src.agents.rational.RationalDeveloperAgent'>,{},optimal
False,-39.23685259241391,2.0,0.09210316405272234,3.199704080549104,39.23685259241391,18,18,0.5,1.0,2.0,1000.0,150.0,75.0,<class 'src.agents.rational.RationalDeveloperAgent'>,{},optimal
False,-39.23963910986585,1.0,0.060929872554081534,2.6828190801274854,39.23963910986585,19,19,0.5,1.0,2.0,1000.0,150.0,75.0,<class 'src.agents.rational.RationalDeveloperAgent'>,{},optimal
False,-39.23685259241391,2.0,0.09210316405272234,3.199704080549104,39.23685259241391,20,20,0.5,1.0,2.0,1000.0,150.0,75.0,<class 'src.agents.rational.RationalDeveloperAgent'>,{},optimal
False,-39.23685259241391,2.0,0.09210316405272234,3.199704080549104,39.23685259241391,21,21,0.5,1.0,2.0,1000.0,150.0,75.0,<class 'src.agents.rational.RationalDeveloperAgent'>,{},optimal
False,-39.23685259241391,2.0,0.09210316405272234,3.199704080549104,39.23685259241391,22,22,0.5,1.0,2.0,1000.0,150.0,75.0,<class 'src.agents.rational.RationalDeveloperAgent'>,{},optimal
False,-39.23963910986585,1.0,0.060929872554081534,2.6828190801274854,39.23963910986585,23,23,0.5,1.0,2.0,1000.0,150.0,75.0,<class 'src.agents.rational.RationalDeveloperAgent'>,{},optimal
False,-39.23963910986585,1.0,0.060929872554081534,2.6828190801274854,39.23963910986585,24,24,0.5,1.0,2.0,1000.0,150.0,75.0,<class 'src.agents.rational.RationalDeveloperAgent'>,{},optimal
False,-39.23685259241391,2.0,0.09210316405272234,3.199704080549104,39.23685259241391,25,25,0.5,1.0,2.0,1000.0,150.0,75.0,<class 'src.agents.rational.RationalDeveloperAgent'>,{},optimal
False,-39.23963910986585,1.0,0.060929872554081534,2.6828190801274854,39.23963910986585,26,26,0.5,1.0,2.0,1000.0,150.0,75.0,<class 'src.agents.rational.RationalDeveloperAgent'>,{},optimal
False,-39.23685259241391,2.0,0.09210316405272234,3.199704080549104,39.23685259241391,27,27,0.5,1.0,2.0,1000.0,150.0,75.0,<class 'src.agents.rational.RationalDeveloperAgent'>,{},optimal
False,-39.337843880111514,2.0,0.09210316405272234,3.199704080549104,39.337843880111514,28,28,0.5,1.0,2.0,1000.0,150.0,75.0,<class 'src.agents.rational.RationalDeveloperAgent'>,{},optimal
False,-39.23963910986585,1.0,0.060929872554081534,2.6828190801274854,39.23963910986585,29,29,0.5,1.0,2.0,1000.0,150.0,75.0,<class 'src.agents.rational.RationalDeveloperAgent'>,{},optimal
False,-39.23685259241391,2.0,0.09210316405272234,3.199704080549104,39.23685259241391,30,30,0.5,1.0,2.0,1000.0,150.0,75.0,<class 'src.agents.rational.RationalDeveloperAgent'>,{},optimal
False,-39.23963910986585,1.0,0.060929872554081534,2.6828190801274854,39.23963910986585,31,31,0.5,1.0,2.0,1000.0,150.0,75.0,<class 'src.agents.rational.RationalDeveloperAgent'>,{},optimal
False,-39.23963910986585,1.0,0.060929872554081534,2.6828190801274854,39.23963910986585,32,32,0.5,1.0,2.0,1000.0,150.0,75.0,<class 'src.agents.rational.RationalDeveloperAgent'>,{},optimal
False,-39.23963910986585,1.0,0.060929872554081534,2.6828190801274854,39.23963910986585,33,33,0.5,1.0,2.0,1000.0,150.0,75.0,<class 'src.agents.rational.RationalDeveloperAgent'>,{},optimal
False,-39.23963910986585,1.0,0.060929872554081534,2.6828190801274854,39.23963910986585,34,34,0.5,1.0,2.0,1000.0,150.0,75.0,<class 'src.agents.rational.RationalDeveloperAgent'>,{},optimal
True,-1000.0000000393737,2.0,0.09210316405272234,3.199704080549104,3.937375225859796e-08,35,35,0.5,1.0,2.0,1000.0,150.0,75.0,<class 'src.agents.rational.RationalDeveloperAgent'>,{},optimal
False,-39.23963910986585,1.0,0.060929872554081534,2.6828190801274854,39.23963910986585,36,36,0.5,1.0,2.0,1000.0,150.0,75.0,<class 'src.agents.rational.RationalDeveloperAgent'>,{},optimal
False,-39.23685259241391,2.0,0.09210316405272234,3.199704080549104,39.23685259241391,37,37,0.5,1.0,2.0,1000.0,150.0,75.0,<class 'src.agents.rational.RationalDeveloperAgent'>,{},optimal
False,-39.23685259241391,2.0,0.09210316405272234,3.199704080549104,39.23685259241391,38,38,0.5,1.0,2.0,1000.0,150.0,75.0,<class 'src.agents.rational.RationalDeveloperAgent'>,{},optimal
False,-39.23963910986585,1.0,0.060929872554081534,2.6828190801274854,39.23963910986585,39,39,0.5,1.0,2.0,1000.0,150.0,75.0,<class 'src.agents.rational.RationalDeveloperAgent'>,{},optimal
False,-39.23685259241391,2.0,0.09210316405272234,3.199704080549104,39.23685259241391,40,40,0.5,1.0,2.0,1000.0,150.0,75.0,<class 'src.agents.rational.RationalDeveloperAgent'>,{},optimal
False,-39.23963910986585,1.0,0.060929872554081534,2.6828190801274854,39.23963910986585,41,41,0.5,1.0,2.0,1000.0,150.0,75.0,<class 'src.agents.rational.RationalDeveloperAgent'>,{},optimal
False,-39.23685259241391,2.0,0.09210316405272234,3.199704080549104,39.23685259241391,42,42,0.5,1.0,2.0,1000.0,150.0,75.0,<class 'src.agents.rational.RationalDeveloperAgent'>,{},optimal
False,-39.23963910986585,1.0,0.060929872554081534,2.6828190801274854,39.23963910986585,43,43,0.5,1.0,2.0,1000.0,150.0,75.0,<class 'src.agents.rational.RationalDeveloperAgent'>,{},optimal
False,-39.23963910986585,1.0,0.060929872554081534,2.6828190801274854,39.23963910986585,44,44,0.5,1.0,2.0,1000.0,150.0,75.0,<class 'src.agents.rational.RationalDeveloperAgent'>,{},optimal
False,-39.23963910986585,1.0,0.060929872554081534,2.6828190801274854,39.23963910986585,45,45,0.5,1.0,2.0,1000.0,150.0,75.0,<class 'src.agents.rational.RationalDeveloperAgent'>,{},optimal
False,-39.23685259241391,2.0,0.09210316405272234,3.199704080549104,39.23685259241391,46,46,0.5,1.0,2.0,1000.0,150.0,75.0,<class 'src.agents.rational.RationalDeveloperAgent'>,{},optimal
False,-39.23963910986585,1.0,0.060929872554081534,2.6828190801274854,39.23963910986585,47,47,0.5,1.0,2.0,1000.0,150.0,75.0,<class 'src.agents.rational.RationalDeveloperAgent'>,{},optimal
False,-39.23685259241391,2.0,0.09210316405272234,3.199704080549104,39.23685259241391,48,48,0.5,1.0,2.0,1000.0,150.0,75.0,<class 'src.agents.rational.RationalDeveloperAgent'>,{},optimal
False,-39.23685259241391,2.0,0.09210316405272234,3.199704080549104,39.23685259241391,49,49,0.5,1.0,2.0,1000.0,150.0,75.0,<class 'src.agents.rational.RationalDeveloperAgent'>,{},optimal
False,-39.23963910986585,1.0,0.060929872554081534,2.6828190801274854,39.23963910986585,50,50,0.5,1.0,2.0,1000.0,150.0,75.0,<class 'src.agents.rational.RationalDeveloperAgent'>,{},optimal
True,-1000.0,1.0,0.060929872554081534,2.6828190801274854,0.0,51,51,0.5,1.0,2.0,1000.0,150.0,75.0,<class 'src.agents.rational.RationalDeveloperAgent'>,{},optimal
False,-39.23685259241391,2.0,0.09210316405272234,3.199704080549104,39.23685259241391,52,52,0.5,1.0,2.0,1000.0,150.0,75.0,<class 'src.agents.rational.RationalDeveloperAgent'>,{},optimal
False,-39.23685259241391,2.0,0.09210316405272234,3.199704080549104,39.23685259241391,53,53,0.5,1.0,2.0,1000.0,150.0,75.0,<class 'src.agents.rational.RationalDeveloperAgent'>,{},optimal
False,-39.23685259241391,2.0,0.09210316405272234,3.199704080549104,39.23685259241391,54,54,0.5,1.0,2.0,1000.0,150.0,75.0,<class 'src.agents.rational.RationalDeveloperAgent'>,{},optimal
False,-39.23963910986585,1.0,0.060929872554081534,2.6828190801274854,39.23963910986585,55,55,0.5,1.0,2.0,1000.0,150.0,75.0,<class 'src.agents.rational.RationalDeveloperAgent'>,{},optimal
False,-39.23963910986585,1.0,0.060929872554081534,2.6828190801274854,39.23963910986585,56,56,0.5,1.0,2.0,1000.0,150.0,75.0,<class 'src.agents.rational.RationalDeveloperAgent'>,{},optimal
False,-39.23963910986585,1.0,0.060929872554081534,2.6828190801274854,39.23963910986585,57,57,0.5,1.0,2.0,1000.0,150.0,75.0,<class 'src.agents.rational.RationalDeveloperAgent'>,{},optimal
False,-39.23963910986585,1.0,0.060929872554081534,2.6828190801274854,39.23963910986585,58,58,0.5,1.0,2.0,1000.0,150.0,75.0,<class 'src.agents.rational.RationalDeveloperAgent'>,{},optimal
False,-39.23963910986585,1.0,0.060929872554081534,2.6828190801274854,39.23963910986585,59,59,0.5,1.0,2.0,1000.0,150.0,75.0,<class 'src.agents.rational.RationalDeveloperAgent'>,{},optimal
False,-39.23963910986585,1.0,0.060929872554081534,2.6828190801274854,39.23963910986585,60,60,0.5,1.0,2.0,1000.0,150.0,75.0,<class 'src.agents.rational.RationalDeveloperAgent'>,{},optimal
False,-39.23963910986585,1.0,0.060929872554081534,2.6828190801274854,39.23963910986585,61,61,0.5,1.0,2.0,1000.0,150.0,75.0,<class 'src.agents.rational.RationalDeveloperAgent'>,{},optimal
False,-39.23963910986585,1.0,0.060929872554081534,2.6828190801274854,39.23963910986585,62,62,0.5,1.0,2.0,1000.0,150.0,75.0,<class 'src.agents.rational.RationalDeveloperAgent'>,{},optimal
False,-39.23685259241391,2.0,0.09210316405272234,3.199704080549104,39.23685259241391,63,63,0.5,1.0,2.0,1000.0,150.0,75.0,<class 'src.agents.rational.RationalDeveloperAgent'>,{},optimal
False,-39.23963910986585,1.0,0.060929872554081534,2.6828190801274854,39.23963910986585,64,64,0.5,1.0,2.0,1000.0,150.0,75.0,<class 'src.agents.rational.RationalDeveloperAgent'>,{},optimal
False,-39.23963910986585,1.0,0.060929872554081534,2.6828190801274854,39.23963910986585,65,65,0.5,1.0,2.0,1000.0,150.0,75.0,<class 'src.agents.rational.RationalDeveloperAgent'>,{},optimal
False,-39.23685259241391,2.0,0.09210316405272234,3.199704080549104,39.23685259241391,66,66,0.5,1.0,2.0,1000.0,150.0,75.0,<class 'src.agents.rational.RationalDeveloperAgent'>,{},optimal
False,-39.23963910986585,1.0,0.060929872554081534,2.6828190801274854,39.23963910986585,67,67,0.5,1.0,2.0,1000.0,150.0,75.0,<class 'src.agents.rational.RationalDeveloperAgent'>,{},optimal
False,-39.23963910986585,1.0,0.060929872554081534,2.6828190801274854,39.23963910986585,68,68,0.5,1.0,2.0,1000.0,150.0,75.0,<class 'src.agents.rational.RationalDeveloperAgent'>,{},optimal
False,-39.23685259241391,2.0,0.09210316405272234,3.199704080549104,39.23685259241391,69,69,0.5,1.0,2.0,1000.0,150.0,75.0,<class 'src.agents.rational.RationalDeveloperAgent'>,{},optimal
False,-39.23685259241391,2.0,0.09210316405272234,3.199704080549104,39.23685259241391,70,70,0.5,1.0,2.0,1000.0,150.0,75.0,<class 'src.agents.rational.RationalDeveloperAgent'>,{},optimal
False,-39.23963910986585,1.0,0.060929872554081534,2.6828190801274854,39.23963910986585,71,71,0.5,1.0,2.0,1000.0,150.0,75.0,<class 'src.agents.rational.RationalDeveloperAgent'>,{},optimal
False,-39.23963910986585,1.0,0.060929872554081534,2.6828190801274854,39.23963910986585,72,72,0.5,1.0,2.0,1000.0,150.0,75.0,<class 'src.agents.rational.RationalDeveloperAgent'>,{},optimal
False,-39.23685259241391,2.0,0.09210316405272234,3.199704080549104,39.23685259241391,73,73,0.5,1.0,2.0,1000.0,150.0,75.0,<class 'src.agents.rational.RationalDeveloperAgent'>,{},optimal
False,-39.23685259241391,2.0,0.09210316405272234,3.199704080549104,39.23685259241391,74,74,0.5,1.0,2.0,1000.0,150.0,75.0,<class 'src.agents.rational.RationalDeveloperAgent'>,{},optimal
True,-1000.0000000393737,2.0,0.09210316405272234,3.199704080549104,3.937375225859796e-08,75,75,0.5,1.0,2.0,1000.0,150.0,75.0,<class 'src.agents.rational.RationalDeveloperAgent'>,{},optimal
False,-39.23963910986585,1.0,0.060929872554081534,2.6828190801274854,39.23963910986585,76,76,0.5,1.0,2.0,1000.0,150.0,75.0,<class 'src.agents.rational.RationalDeveloperAgent'>,{},optimal
False,-39.23963910986585,1.0,0.060929872554081534,2.6828190801274854,39.23963910986585,77,77,0.5,1.0,2.0,1000.0,150.0,75.0,<class 'src.agents.rational.RationalDeveloperAgent'>,{},optimal
False,-39.23685259241391,2.0,0.09210316405272234,3.199704080549104,39.23685259241391,78,78,0.5,1.0,2.0,1000.0,150.0,75.0,<class 'src.agents.rational.RationalDeveloperAgent'>,{},optimal
False,-39.23685259241391,2.0,0.09210316405272234,3.199704080549104,39.23685259241391,79,79,0.5,1.0,2.0,1000.0,150.0,75.0,<class 'src.agents.rational.RationalDeveloperAgent'>,{},optimal
False,-39.23963910986585,1.0,0.060929872554081534,2.6828190801274854,39.23963910986585,80,80,0.5,1.0,2.0,1000.0,150.0,75.0,<class 'src.agents.rational.RationalDeveloperAgent'>,{},optimal
False,-39.23685259241391,2.0,0.09210316405272234,3.199704080549104,39.23685259241391,81,81,0.5,1.0,2.0,1000.0,150.0,75.0,<class 'src.agents.rational.RationalDeveloperAgent'>,{},optimal
False,-39.23685259241391,2.0,0.09210316405272234,3.199704080549104,39.23685259241391,82,82,0.5,1.0,2.0,1000.0,150.0,75.0,<class 'src.agents.rational.RationalDeveloperAgent'>,{},optimal
False,-39.23963910986585,1.0,0.060929872554081534,2.6828190801274854,39.23963910986585,83,83,0.5,1.0,2.0,1000.0,150.0,75.0,<class 'src.agents.rational.RationalDeveloperAgent'>,{},optimal
False,-39.337843880111514,2.0,0.09210316405272234,3.199704080549104,39.337843880111514,84,84,0.5,1.0,2.0,1000.0,150.0,75.0,<class 'src.agents.rational.RationalDeveloperAgent'>,{},optimal
False,-39.23685259241391,2.0,0.09210316405272234,3.199704080549104,39.23685259241391,85,85,0.5,1.0,2.0,1000.0,150.0,75.0,<class 'src.agents.rational.RationalDeveloperAgent'>,{},optimal
False,-39.23963910986585,1.0,0.060929872554081534,2.6828190801274854,39.23963910986585,86,86,0.5,1.0,2.0,1000.0,150.0,75.0,<class 'src.agents.rational.RationalDeveloperAgent'>,{},optimal
False,-39.23963910986585,1.0,0.060929872554081534,2.6828190801274854,39.23963910986585,87,87,0.5,1.0,2.0,1000.0,150.0,75.0,<class 'src.agents.rational.RationalDeveloperAgent'>,{},optimal
False,-39.23685259241391,2.0,0.09210316405272234,3.199704080549104,39.23685259241391,88,88,0.5,1.0,2.0,1000.0,150.0,75.0,<class 'src.agents.rational.RationalDeveloperAgent'>,{},optimal
False,-39.23963910986585,1.0,0.060929872554081534,2.6828190801274854,39.23963910986585,89,89,0.5,1.0,2.0,1000.0,150.0,75.0,<class 'src.agents.rational.RationalDeveloperAgent'>,{},optimal
False,-39.23963910986585,1.0,0.060929872554081534,2.6828190801274854,39.23963910986585,90,90,0.5,1.0,2.0,1000.0,150.0,75.0,<class 'src.agents.rational.RationalDeveloperAgent'>,{},optimal
False,-39.23963910986585,1.0,0.060929872554081534,2.6828190801274854,39.23963910986585,91,91,0.5,1.0,2.0,1000.0,150.0,75.0,<class 'src.agents.rational.RationalDeveloperAgent'>,{},optimal
False,-39.30439792367612,1.0,0.060929872554081534,2.6828190801274854,39.30439792367612,92,92,0.5,1.0,2.0,1000.0,150.0,75.0,<class 'src.agents.rational.RationalDeveloperAgent'>,{},optimal
False,-39.23963910986585,1.0,0.060929872554081534,2.6828190801274854,39.23963910986585,93,93,0.5,1.0,2.0,1000.0,150.0,75.0,<class 'src.agents.rational.RationalDeveloperAgent'>,{},optimal
False,-39.23685259241391,2.0,0.09210316405272234,3.199704080549104,39.23685259241391,94,94,0.5,1.0,2.0,1000.0,150.0,75.0,<class 'src.agents.rational.RationalDeveloperAgent'>,{},optimal
False,-39.23963910986585,1.0,0.060929872554081534,2.6828190801274854,39.23963910986585,95,95,0.5,1.0,2.0,1000.0,150.0,75.0,<class 'src.agents.rational.RationalDeveloperAgent'>,{},optimal
False,-39.23963910986585,1.0,0.060929872554081534,2.6828190801274854,39.23963910986585,96,96,0.5,1.0,2.0,1000.0,150.0,75.0,<class 'src.agents.rational.RationalDeveloperAgent'>,{},optimal
True,-1000.0,1.0,0.060929872554081534,2.6828190801274854,0.0,97,97,0.5,1.0,2.0,1000.0,150.0,75.0,<class 'src.agents.rational.RationalDeveloperAgent'>,{},optimal
False,-39.23685259241391,2.0,0.09210316405272234,3.199704080549104,39.23685259241391,98,98,0.5,1.0,2.0,1000.0,150.0,75.0,<class 'src.agents.rational.RationalDeveloperAgent'>,{},optimal
False,-39.23685259241391,2.0,0.09210316405272234,3.199704080549104,39.23685259241391,99,99,0.5,1.0,2.0,1000.0,150.0,75.0,<class 'src.agents.rational.RationalDeveloperAgent'>,{},optimal
False,-150.0,2.0,0.0,4.255556859445971,150.0,100,0,0.5,1.0,2.0,1000.0,150.0,75.0,<class 'src.agents.rational.RationalDeveloperAgent'>,{},fine
False,-150.0,1.0,2.2371673121949318e-07,3.70181270944906,150.0,101,1,0.5,1.0,2.0,1000.0,150.0,75.0,<class 'src.agents.rational.RationalDeveloperAgent'>,{},fine
False,-150.0,2.0,0.0,4.255556859445971,150.0,102,2,0.5,1.0,2.0,1000.0,150.0,75.0,<class 'src.agents.rational.RationalDeveloperAgent'>,{},fine
False,-150.0,1.0,2.2371673121949318e-07,3.70181270944906,150.0,103,3,0.5,1.0,2.0,1000.0,150.0,75.0,<class 'src.agents.rational.RationalDeveloperAgent'>,{},fine
False,-150.0,1.0,2.2371673121949318e-07,3.70181270944906,150.0,104,4,0.5,1.0,2.0,1000.0,150.0,75.0,<class 'src.agents.rational.RationalDeveloperAgent'>,{},fine
False,-150.0,2.0,0.0,4.255556859445971,150.0,105,5,0.5,1.0,2.0,1000.0,150.0,75.0,<class 'src.agents.rational.RationalDeveloperAgent'>,{},fine
False,-150.0,1.0,2.2371673121949318e-07,3.70181270944906,150.0,106,6,0.5,1.0,2.0,1000.0,150.0,75.0,<class 'src.agents.rational.RationalDeveloperAgent'>,{},fine
False,-150.0,1.0,2.2371673121949318e-07,3.70181270944906,150.0,107,7,0.5,1.0,2.0,1000.0,150.0,75.0,<class 'src.agents.rational.RationalDeveloperAgent'>,{},fine
False,-150.0,1.0,2.2371673121949318e-07,3.70181270944906,150.0,108,8,0.5,1.0,2.0,1000.0,150.0,75.0,<class 'src.agents.rational.RationalDeveloperAgent'>,{},fine
False,-150.0,1.0,2.2371673121949318e-07,3.70181270944906,150.0,109,9,0.5,1.0,2.0,1000.0,150.0,75.0,<class 'src.agents.rational.RationalDeveloperAgent'>,{},fine
False,-150.0,1.0,2.2371673121949318e-07,3.70181270944906,150.0,110,10,0.5,1.0,2.0,1000.0,150.0,75.0,<class 'src.agents.rational.RationalDeveloperAgent'>,{},fine
False,-150.0,1.0,2.2371673121949318e-07,3.70181270944906,150.0,111,11,0.5,1.0,2.0,1000.0,150.0,75.0,<class 'src.agents.rational.RationalDeveloperAgent'>,{},fine
True,-1000.0,2.0,0.0,4.255556859445971,0.0,112,12,0.5,1.0,2.0,1000.0,150.0,75.0,<class 'src.agents.rational.RationalDeveloperAgent'>,{},fine
False,-150.0,2.0,0.0,4.255556859445971,150.0,113,13,0.5,1.0,2.0,1000.0,150.0,75.0,<class 'src.agents.rational.RationalDeveloperAgent'>,{},fine
False,-150.0,2.0,0.0,4.255556859445971,150.0,114,14,0.5,1.0,2.0,1000.0,150.0,75.0,<class 'src.agents.rational.RationalDeveloperAgent'>,{},fine
False,-150.0,1.0,2.2371673121949318e-07,3.70181270944906,150.0,115,15,0.5,1.0,2.0,1000.0,150.0,75.0,<class 'src.agents.rational.RationalDeveloperAgent'>,{},fine
False,-150.0,1.0,2.2371673121949318e-07,3.70181270944906,150.0,116,16,0.5,1.0,2.0,1000.0,150.0,75.0,<class 'src.agents.rational.RationalDeveloperAgent'>,{},fine
False,-150.0,2.0,0.0,4.255556859445971,150.0,117,17,0.5,1.0,2.0,1000.0,150.0,75.0,<class 'src.agents.rational.RationalDeveloperAgent'>,{},fine
False,-150.0,2.0,0.0,4.255556859445971,150.0,118,18,0.5,1.0,2.0,1000.0,150.0,75.0,<class 'src.agents.rational.RationalDeveloperAgent'>,{},fine
False,-150.0,1.0,2.2371673121949318e-07,3.70181270944906,150.0,119,19,0.5,1.0,2.0,1000.0,150.0,75.0,<class 'src.agents.rational.RationalDeveloperAgent'>,{},fine
False,-150.0,1.0,2.2371673121949318e-07,3.70181270944906,150.0,120,20,0.5,1.0,2.0,1000.0,150.0,75.0,<class 'src.agents.rational.RationalDeveloperAgent'>,{},fine
False,-150.0,1.0,2.2371673121949318e-07,3.70181270944906,150.0,121,21,0.5,1.0,2.0,1000.0,150.0,75.0,<class 'src.agents.rational.RationalDeveloperAgent'>,{},fine
False,-150.0,1.0,2.2371673121949318e-07,3.70181270944906,150.0,122,22,0.5,1.0,2.0,1000.0,150.0,75.0,<class 'src.agents.rational.RationalDeveloperAgent'>,{},fine
False,-150.0,2.0,0.0,4.255556859445971,150.0,123,23,0.5,1.0,2.0,1000.0,150.0,75.0,<class 'src.agents.rational.RationalDeveloperAgent'>,{},fine
False,-150.0,2.0,0.0,4.255556859445971,150.0,124,24,0.5,1.0,2.0,1000.0,150.0,75.0,<class 'src.agents.rational.RationalDeveloperAgent'>,{},fine
False,-150.0,2.0,0.0,4.255556859445971,150.0,125,25,0.5,1.0,2.0,1000.0,150.0,75.0,<class 'src.agents.rational.RationalDeveloperAgent'>,{},fine
False,-150.0,1.0,2.2371673121949318e-07,3.70181270944906,150.0,126,26,0.5,1.0,2.0,1000.0,150.0,75.0,<class 'src.agents.rational.RationalDeveloperAgent'>,{},fine
False,-150.0,2.0,0.0,4.255556859445971,150.0,127,27,0.5,1.0,2.0,1000.0,150.0,75.0,<class 'src.agents.rational.RationalDeveloperAgent'>,{},fine
False,-150.0,1.0,2.2371673121949318e-07,3.70181270944906,150.0,128,28,0.5,1.0,2.0,1000.0,150.0,75.0,<class 'src.agents.rational.RationalDeveloperAgent'>,{},fine
False,-150.0,1.0,2.2371673121949318e-07,3.70181270944906,150.0,129,29,0.5,1.0,2.0,1000.0,150.0,75.0,<class 'src.agents.rational.RationalDeveloperAgent'>,{},fine
False,-150.0,1.0,2.2371673121949318e-07,3.70181270944906,150.0,130,30,0.5,1.0,2.0,1000.0,150.0,75.0,<class 'src.agents.rational.RationalDeveloperAgent'>,{},fine
False,-150.0,2.0,0.0,4.255556859445971,150.0,131,31,0.5,1.0,2.0,1000.0,150.0,75.0,<class 'src.agents.rational.RationalDeveloperAgent'>,{},fine
False,-150.0,1.0,2.2371673121949318e-07,3.70181270944906,150.0,132,32,0.5,1.0,2.0,1000.0,150.0,75.0,<class 'src.agents.rational.RationalDeveloperAgent'>,{},fine
False,-150.0,2.0,0.0,4.255556859445971,150.0,133,33,0.5,1.0,2.0,1000.0,150.0,75.0,<class 'src.agents.rational.RationalDeveloperAgent'>,{},fine
False,-150.0,2.0,0.0,4.255556859445971,150.0,134,34,0.5,1.0,2.0,1000.0,150.0,75.0,<class 'src.agents.rational.RationalDeveloperAgent'>,{},fine
False,-150.0,2.0,0.0,4.255556859445971,150.0,135,35,0.5,1.0,2.0,1000.0,150.0,75.0,<class 'src.agents.rational.RationalDeveloperAgent'>,{},fine
False,-150.0,2.0,0.0,4.255556859445971,150.0,136,36,0.5,1.0,2.0,1000.0,150.0,75.0,<class 'src.agents.rational.RationalDeveloperAgent'>,{},fine
False,-150.0,1.0,2.2371673121949318e-07,3.70181270944906,150.0,137,37,0.5,1.0,2.0,1000.0,150.0,75.0,<class 'src.agents.rational.RationalDeveloperAgent'>,{},fine
False,-150.0,2.0,0.0,4.255556859445971,150.0,138,38,0.5,1.0,2.0,1000.0,150.0,75.0,<class 'src.agents.rational.RationalDeveloperAgent'>,{},fine
False,-150.0,1.0,2.2371673121949318e-07,3.70181270944906,150.0,139,39,0.5,1.0,2.0,1000.0,150.0,75.0,<class 'src.agents.rational.RationalDeveloperAgent'>,{},fine
False,-150.0,1.0,2.2371673121949318e-07,3.70181270944906,150.0,140,40,0.5,1.0,2.0,1000.0,150.0,75.0,<class 'src.agents.rational.RationalDeveloperAgent'>,{},fine
False,-150.0,2.0,0.0,4.255556859445971,150.0,141,41,0.5,1.0,2.0,1000.0,150.0,75.0,<class 'src.agents.rational.RationalDeveloperAgent'>,{},fine
False,-150.0,1.0,2.2371673121949318e-07,3.70181270944906,150.0,142,42,0.5,1.0,2.0,1000.0,150.0,75.0,<class 'src.agents.rational.RationalDeveloperAgent'>,{},fine
False,-150.0,2.0,0.0,4.255556859445971,150.0,143,43,0.5,1.0,2.0,1000.0,150.0,75.0,<class 'src.agents.rational.RationalDeveloperAgent'>,{},fine
False,-150.0,1.0,2.2371673121949318e-07,3.70181270944906,150.0,144,44,0.5,1.0,2.0,1000.0,150.0,75.0,<class 'src.agents.rational.RationalDeveloperAgent'>,{},fine
False,-150.0,2.0,0.0,4.255556859445971,150.0,145,45,0.5,1.0,2.0,1000.0,150.0,75.0,<class 'src.agents.rational.RationalDeveloperAgent'>,{},fine
False,-150.0,2.0,0.0,4.255556859445971,150.0,146,46,0.5,1.0,2.0,1000.0,150.0,75.0,<class 'src.agents.rational.RationalDeveloperAgent'>,{},fine
False,-150.0,2.0,0.0,4.255556859445971,150.0,147,47,0.5,1.0,2.0,1000.0,150.0,75.0,<class 'src.agents.rational.RationalDeveloperAgent'>,{},fine
False,-150.0,2.0,0.0,4.255556859445971,150.0,148,48,0.5,1.0,2.0,1000.0,150.0,75.0,<class 'src.agents.rational.RationalDeveloperAgent'>,{},fine
False,-150.0,2.0,0.0,4.255556859445971,150.0,149,49,0.5,1.0,2.0,1000.0,150.0,75.0,<class 'src.agents.rational.RationalDeveloperAgent'>,{},fine
False,-150.0,2.0,0.0,4.255556859445971,150.0,150,50,0.5,1.0,2.0,1000.0,150.0,75.0,<class 'src.agents.rational.RationalDeveloperAgent'>,{},fine
False,-150.0,1.0,2.2371673121949318e-07,3.70181270944906,150.0,151,51,0.5,1.0,2.0,1000.0,150.0,75.0,<class 'src.agents.rational.RationalDeveloperAgent'>,{},fine
False,-150.0,2.0,0.0,4.255556859445971,150.0,152,52,0.5,1.0,2.0,1000.0,150.0,75.0,<class 'src.agents.rational.RationalDeveloperAgent'>,{},fine
False,-150.0,2.0,0.0,4.255556859445971,150.0,153,53,0.5,1.0,2.0,1000.0,150.0,75.0,<class 'src.agents.rational.RationalDeveloperAgent'>,{},fine
False,-150.0,1.0,2.2371673121949318e-07,3.70181270944906,150.0,154,54,0.5,1.0,2.0,1000.0,150.0,75.0,<class 'src.agents.rational.RationalDeveloperAgent'>,{},fine
False,-150.0,2.0,0.0,4.255556859445971,150.0,155,55,0.5,1.0,2.0,1000.0,150.0,75.0,<class 'src.agents.rational.RationalDeveloperAgent'>,{},fine
False,-150.0,1.0,2.2371673121949318e-07,3.70181270944906,150.0,156,56,0.5,1.0,2.0,1000.0,150.0,75.0,<class 'src.agents.rational.RationalDeveloperAgent'>,{},fine
False,-150.0,2.0,0.0,4.255556859445971,150.0,157,57,0.5,1.0,2.0,1000.0,150.0,75.0,<class 'src.agents.rational.RationalDeveloperAgent'>,{},fine
False,-150.0,2.0,0.0,4.255556859445971,150.0,158,58,0.5,1.0,2.0,1000.0,150.0,75.0,<class 'src.agents.rational.RationalDeveloperAgent'>,{},fine
False,-150.0,2.0,0.0,4.255556859445971,150.0,159,59,0.5,1.0,2.0,1000.0,150.0,75.0,<class 'src.agents.rational.RationalDeveloperAgent'>,{},fine
False,-150.0,1.0,2.2371673121949318e-07,3.70181270944906,150.0,160,60,0.5,1.0,2.0,1000.0,150.0,75.0,<class 'src.agents.rational.RationalDeveloperAgent'>,{},fine
False,-150.0,1.0,2.2371673121949318e-07,3.70181270944906,150.0,161,61,0.5,1.0,2.0,1000.0,150.0,75.0,<class 'src.agents.rational.RationalDeveloperAgent'>,{},fine
False,-150.0,2.0,0.0,4.255556859445971,150.0,162,62,0.5,1.0,2.0,1000.0,150.0,75.0,<class 'src.agents.rational.RationalDeveloperAgent'>,{},fine
False,-150.0,2.0,0.0,4.255556859445971,150.0,163,63,0.5,1.0,2.0,1000.0,150.0,75.0,<class 'src.agents.rational.RationalDeveloperAgent'>,{},fine
False,-150.0,2.0,0.0,4.255556859445971,150.0,164,64,0.5,1.0,2.0,1000.0,150.0,75.0,<class 'src.agents.rational.RationalDeveloperAgent'>,{},fine
False,-150.0,1.0,2.2371673121949318e-07,3.70181270944906,150.0,165,65,0.5,1.0,2.0,1000.0,150.0,75.0,<class 'src.agents.rational.RationalDeveloperAgent'>,{},fine
False,-150.0,2.0,0.0,4.255556859445971,150.0,166,66,0.5,1.0,2.0,1000.0,150.0,75.0,<class 'src.agents.rational.RationalDeveloperAgent'>,{},fine
False,-150.0,1.0,2.2371673121949318e-07,3.70181270944906,150.0,167,67,0.5,1.0,2.0,1000.0,150.0,75.0,<class 'src.agents.rational.RationalDeveloperAgent'>,{},fine
False,-150.0,2.0,0.0,4.255556859445971,150.0,168,68,0.5,1.0,2.0,1000.0,150.0,75.0,<class 'src.agents.rational.RationalDeveloperAgent'>,{},fine
False,-150.0,1.0,2.2371673121949318e-07,3.70181270944906,150.0,169,69,0.5,1.0,2.0,1000.0,150.0,75.0,<class 'src.agents.rational.RationalDeveloperAgent'>,{},fine
False,-150.0,2.0,0.0,4.255556859445971,150.0,170,70,0.5,1.0,2.0,1000.0,150.0,75.0,<class 'src.agents.rational.RationalDeveloperAgent'>,{},fine
False,-150.0,1.0,2.2371673121949318e-07,3.70181270944906,150.0,171,71,0.5,1.0,2.0,1000.0,150.0,75.0,<class 'src.agents.rational.RationalDeveloperAgent'>,{},fine
False,-150.0,1.0,2.2371673121949318e-07,3.70181270944906,150.0,172,72,0.5,1.0,2.0,1000.0,150.0,75.0,<class 'src.agents.rational.RationalDeveloperAgent'>,{},fine
False,-150.0,1.0,2.2371673121949318e-07,3.70181270944906,150.0,173,73,0.5,1.0,2.0,1000.0,150.0,75.0,<class 'src.agents.rational.RationalDeveloperAgent'>,{},fine
False,-150.0,1.0,2.2371673121949318e-07,3.70181270944906,150.0,174,74,0.5,1.0,2.0,1000.0,150.0,75.0,<class 'src.agents.rational.RationalDeveloperAgent'>,{},fine
False,-150.0,1.0,2.2371673121949318e-07,3.70181270944906,150.0,175,75,0.5,1.0,2.0,1000.0,150.0,75.0,<class 'src.agents.rational.RationalDeveloperAgent'>,{},fine
False,-150.0,1.0,2.2371673121949318e-07,3.70181270944906,150.0,176,76,0.5,1.0,2.0,1000.0,150.0,75.0,<class 'src.agents.rational.RationalDeveloperAgent'>,{},fine
False,-150.0,1.0,2.2371673121949318e-07,3.70181270944906,150.0,177,77,0.5,1.0,2.0,1000.0,150.0,75.0,<class 'src.agents.rational.RationalDeveloperAgent'>,{},fine
False,-150.0,1.0,2.2371673121949318e-07,3.70181270944906,150.0,178,78,0.5,1.0,2.0,1000.0,150.0,75.0,<class 'src.agents.rational.RationalDeveloperAgent'>,{},fine
False,-150.0,1.0,2.2371673121949318e-07,3.70181270944906,150.0,179,79,0.5,1.0,2.0,1000.0,150.0,75.0,<class 'src.agents.rational.RationalDeveloperAgent'>,{},fine
False,-150.0,1.0,2.2371673121949318e-07,3.70181270944906,150.0,180,80,0.5,1.0,2.0,1000.0,150.0,75.0,<class 'src.agents.rational.RationalDeveloperAgent'>,{},fine
False,-150.0,1.0,2.2371673121949318e-07,3.70181270944906,150.0,181,81,0.5,1.0,2.0,1000.0,150.0,75.0,<class 'src.agents.rational.RationalDeveloperAgent'>,{},fine
False,-150.0,1.0,2.2371673121949318e-07,3.70181270944906,150.0,182,82,0.5,1.0,2.0,1000.0,150.0,75.0,<class 'src.agents.rational.RationalDeveloperAgent'>,{},fine
False,-150.0,2.0,0.0,4.255556859445971,150.0,183,83,0.5,1.0,2.0,1000.0,150.0,75.0,<class 'src.agents.rational.RationalDeveloperAgent'>,{},fine
False,-150.0,1.0,2.2371673121949318e-07,3.70181270944906,150.0,184,84,0.5,1.0,2.0,1000.0,150.0,75.0,<class 'src.agents.rational.RationalDeveloperAgent'>,{},fine
False,-150.0,1.0,2.2371673121949318e-07,3.70181270944906,150.0,185,85,0.5,1.0,2.0,1000.0,150.0,75.0,<class 'src.agents.rational.RationalDeveloperAgent'>,{},fine
False,-150.0,1.0,2.2371673121949318e-07,3.70181270944906,150.0,186,86,0.5,1.0,2.0,1000.0,150.0,75.0,<class 'src.agents.rational.RationalDeveloperAgent'>,{},fine
False,-150.0,1.0,2.2371673121949318e-07,3.70181270944906,150.0,187,87,0.5,1.0,2.0,1000.0,150.0,75.0,<class 'src.agents.rational.RationalDeveloperAgent'>,{},fine
False,-150.0,2.0,0.0,4.255556859445971,150.0,188,88,0.5,1.0,2.0,1000.0,150.0,75.0,<class 'src.agents.rational.RationalDeveloperAgent'>,{},fine
True,-1000.0,1.0,2.2371673121949318e-07,3.70181270944906,0.0,189,89,0.5,1.0,2.0,1000.0,150.0,75.0,<class 'src.agents.rational.RationalDeveloperAgent'>,{},fine
False,-150.0,1.0,2.2371673121949318e-07,3.70181270944906,150.0,190,90,0.5,1.0,2.0,1000.0,150.0,75.0,<class 'src.agents.rational.RationalDeveloperAgent'>,{},fine
False,-150.0,1.0,2.2371673121949318e-07,3.70181270944906,150.0,191,91,0.5,1.0,2.0,1000.0,150.0,75.0,<class 'src.agents.rational.RationalDeveloperAgent'>,{},fine
False,-150.0,1.0,2.2371673121949318e-07,3.70181270944906,150.0,192,92,0.5,1.0,2.0,1000.0,150.0,75.0,<class 'src.agents.rational.RationalDeveloperAgent'>,{},fine
False,-150.0,1.0,2.2371673121949318e-07,3.70181270944906,150.0,193,93,0.5,1.0,2.0,1000.0,150.0,75.0,<class 'src.agents.rational.RationalDeveloperAgent'>,{},fine
True,-1000.0,2.0,0.0,4.255556859445971,0.0,194,94,0.5,1.0,2.0,1000.0,150.0,75.0,<class 'src.agents.rational.RationalDeveloperAgent'>,{},fine
False,-150.0,2.0,0.0,4.255556859445971,150.0,195,95,0.5,1.0,2.0,1000.0,150.0,75.0,<class 'src.agents.rational.RationalDeveloperAgent'>,{},fine
False,-150.0,2.0,0.0,4.255556859445971,150.0,196,96,0.5,1.0,2.0,1000.0,150.0,75.0,<class 'src.agents.rational.RationalDeveloperAgent'>,{},fine
False,-150.0,2.0,0.0,4.255556859445971,150.0,197,97,0.5,1.0,2.0,1000.0,150.0,75.0,<class 'src.agents.rational.RationalDeveloperAgent'>,{},fine
False,-150.0,1.0,2.2371673121949318e-07,3.70181270944906,150.0,198,98,0.5,1.0,2.0,1000.0,150.0,75.0,<class 'src.agents.rational.RationalDeveloperAgent'>,{},fine
False,-150.0,1.0,2.2371673121949318e-07,3.70181270944906,150.0,199,99,0.5,1.0,2.0,1000.0,150.0,75.0,<class 'src.agents.rational.RationalDeveloperAgent'>,{},fine
True,-1075.0,1.0,3.165254487617634,0.0,75.0,200,0,0.5,1.0,2.0,1000.0,150.0,75.0,<class 'src.agents.rational.RationalDeveloperAgent'>,{},performance
True,-1075.0,1.0,3.165254487617634,0.0,75.0,201,1,0.5,1.0,2.0,1000.0,150.0,75.0,<class 'src.agents.rational.RationalDeveloperAgent'>,{},performance
True,-1075.0,1.0,3.165254487617634,0.0,75.0,202,2,0.5,1.0,2.0,1000.0,150.0,75.0,<class 'src.agents.rational.RationalDeveloperAgent'>,{},performance
True,-1075.0,1.0,3.165254487617634,0.0,75.0,203,3,0.5,1.0,2.0,1000.0,150.0,75.0,<class 'src.agents.rational.RationalDeveloperAgent'>,{},performance
True,-1000.0,2.0,3.1652543711976104,2.6965296408692585e-06,0.0,204,4,0.5,1.0,2.0,1000.0,150.0,75.0,<class 'src.agents.rational.RationalDeveloperAgent'>,{},performance
True,-1075.0,2.0,3.1652543711976104,2.6965296408692585e-06,75.0,205,5,0.5,1.0,2.0,1000.0,150.0,75.0,<class 'src.agents.rational.RationalDeveloperAgent'>,{},performance
True,-1075.0,1.0,3.165254487617634,0.0,75.0,206,6,0.5,1.0,2.0,1000.0,150.0,75.0,<class 'src.agents.rational.RationalDeveloperAgent'>,{},performance
True,-1075.0,1.0,3.165254487617634,0.0,75.0,207,7,0.5,1.0,2.0,1000.0,150.0,75.0,<class 'src.agents.rational.RationalDeveloperAgent'>,{},performance
True,-1075.0,1.0,3.165254487617634,0.0,75.0,208,8,0.5,1.0,2.0,1000.0,150.0,75.0,<class 'src.agents.rational.RationalDeveloperAgent'>,{},performance
True,-1075.0,2.0,3.1652543711976104,2.6965296408692585e-06,75.0,209,9,0.5,1.0,2.0,1000.0,150.0,75.0,<class 'src.agents.rational.RationalDeveloperAgent'>,{},performance
True,-1075.0,1.0,3.165254487617634,0.0,75.0,210,10,0.5,1.0,2.0,1000.0,150.0,75.0,<class 'src.agents.rational.RationalDeveloperAgent'>,{},performance
True,-1075.0,2.0,3.1652543711976104,2.6965296408692585e-06,75.0,211,11,0.5,1.0,2.0,1000.0,150.0,75.0,<class 'src.agents.rational.RationalDeveloperAgent'>,{},performance
True,-1075.0,2.0,3.1652543711976104,2.6965296408692585e-06,75.0,212,12,0.5,1.0,2.0,1000.0,150.0,75.0,<class 'src.agents.rational.RationalDeveloperAgent'>,{},performance
True,-1075.0,1.0,3.165254487617634,0.0,75.0,213,13,0.5,1.0,2.0,1000.0,150.0,75.0,<class 'src.agents.rational.RationalDeveloperAgent'>,{},performance
True,-1075.0,2.0,3.1652543711976104,2.6965296408692585e-06,75.0,214,14,0.5,1.0,2.0,1000.0,150.0,75.0,<class 'src.agents.rational.RationalDeveloperAgent'>,{},performance
True,-1075.0,1.0,3.165254487617634,0.0,75.0,215,15,0.5,1.0,2.0,1000.0,150.0,75.0,<class 'src.agents.rational.RationalDeveloperAgent'>,{},performance
True,-1075.0,1.0,3.165254487617634,0.0,75.0,216,16,0.5,1.0,2.0,1000.0,150.0,75.0,<class 'src.agents.rational.RationalDeveloperAgent'>,{},performance
True,-1075.0,2.0,3.1652543711976104,2.6965296408692585e-06,75.0,217,17,0.5,1.0,2.0,1000.0,150.0,75.0,<class 'src.agents.rational.RationalDeveloperAgent'>,{},performance
True,-1075.0,2.0,3.1652543711976104,2.6965296408692585e-06,75.0,218,18,0.5,1.0,2.0,1000.0,150.0,75.0,<class 'src.agents.rational.RationalDeveloperAgent'>,{},performance
True,-1075.0,2.0,3.1652543711976104,2.6965296408692585e-06,75.0,219,19,0.5,1.0,2.0,1000.0,150.0,75.0,<class 'src.agents.rational.RationalDeveloperAgent'>,{},performance
True,-1075.0,2.0,3.1652543711976104,2.6965296408692585e-06,75.0,220,20,0.5,1.0,2.0,1000.0,150.0,75.0,<class 'src.agents.rational.RationalDeveloperAgent'>,{},performance
True,-1075.0,1.0,3.165254487617634,0.0,75.0,221,21,0.5,1.0,2.0,1000.0,150.0,75.0,<class 'src.agents.rational.RationalDeveloperAgent'>,{},performance
True,-1075.0,2.0,3.1652543711976104,2.6965296408692585e-06,75.0,222,22,0.5,1.0,2.0,1000.0,150.0,75.0,<class 'src.agents.rational.RationalDeveloperAgent'>,{},performance
True,-1075.0,1.0,3.165254487617634,0.0,75.0,223,23,0.5,1.0,2.0,1000.0,150.0,75.0,<class 'src.agents.rational.RationalDeveloperAgent'>,{},performance
True,-1075.0,1.0,3.165254487617634,0.0,75.0,224,24,0.5,1.0,2.0,1000.0,150.0,75.0,<class 'src.agents.rational.RationalDeveloperAgent'>,{},performance
True,-1075.0,1.0,3.165254487617634,0.0,75.0,225,25,0.5,1.0,2.0,1000.0,150.0,75.0,<class 'src.agents.rational.RationalDeveloperAgent'>,{},performance
True,-1075.0,1.0,3.165254487617634,0.0,75.0,226,26,0.5,1.0,2.0,1000.0,150.0,75.0,<class 'src.agents.rational.RationalDeveloperAgent'>,{},performance
True,-1075.0,1.0,3.165254487617634,0.0,75.0,227,27,0.5,1.0,2.0,1000.0,150.0,75.0,<class 'src.agents.rational.RationalDeveloperAgent'>,{},performance
True,-1075.0,1.0,3.165254487617634,0.0,75.0,228,28,0.5,1.0,2.0,1000.0,150.0,75.0,<class 'src.agents.rational.RationalDeveloperAgent'>,{},performance
True,-1075.0,2.0,3.1652543711976104,2.6965296408692585e-06,75.0,229,29,0.5,1.0,2.0,1000.0,150.0,75.0,<class 'src.agents.rational.RationalDeveloperAgent'>,{},performance
True,-1075.0,1.0,3.165254487617634,0.0,75.0,230,30,0.5,1.0,2.0,1000.0,150.0,75.0,<class 'src.agents.rational.RationalDeveloperAgent'>,{},performance
True,-1075.0,2.0,3.1652543711976104,2.6965296408692585e-06,75.0,231,31,0.5,1.0,2.0,1000.0,150.0,75.0,<class 'src.agents.rational.RationalDeveloperAgent'>,{},performance
True,-1075.0,2.0,3.1652543711976104,2.6965296408692585e-06,75.0,232,32,0.5,1.0,2.0,1000.0,150.0,75.0,<class 'src.agents.rational.RationalDeveloperAgent'>,{},performance
True,-1075.0,2.0,3.1652543711976104,2.6965296408692585e-06,75.0,233,33,0.5,1.0,2.0,1000.0,150.0,75.0,<class 'src.agents.rational.RationalDeveloperAgent'>,{},performance
True,-1075.0,2.0,3.1652543711976104,2.6965296408692585e-06,75.0,234,34,0.5,1.0,2.0,1000.0,150.0,75.0,<class 'src.agents.rational.RationalDeveloperAgent'>,{},performance
True,-1075.0,2.0,3.1652543711976104,2.6965296408692585e-06,75.0,235,35,0.5,1.0,2.0,1000.0,150.0,75.0,<class 'src.agents.rational.RationalDeveloperAgent'>,{},performance
True,-1075.0,2.0,3.1652543711976104,2.6965296408692585e-06,75.0,236,36,0.5,1.0,2.0,1000.0,150.0,75.0,<class 'src.agents.rational.RationalDeveloperAgent'>,{},performance
True,-1075.0,2.0,3.1652543711976104,2.6965296408692585e-06,75.0,237,37,0.5,1.0,2.0,1000.0,150.0,75.0,<class 'src.agents.rational.RationalDeveloperAgent'>,{},performance
True,-1075.0,1.0,3.165254487617634,0.0,75.0,238,38,0.5,1.0,2.0,1000.0,150.0,75.0,<class 'src.agents.rational.RationalDeveloperAgent'>,{},performance
True,-1075.0,2.0,3.1652543711976104,2.6965296408692585e-06,75.0,239,39,0.5,1.0,2.0,1000.0,150.0,75.0,<class 'src.agents.rational.RationalDeveloperAgent'>,{},performance
True,-1000.0,1.0,3.165254487617634,0.0,0.0,240,40,0.5,1.0,2.0,1000.0,150.0,75.0,<class 'src.agents.rational.RationalDeveloperAgent'>,{},performance
True,-1075.0,2.0,3.1652543711976104,2.6965296408692585e-06,75.0,241,41,0.5,1.0,2.0,1000.0,150.0,75.0,<class 'src.agents.rational.RationalDeveloperAgent'>,{},performance
True,-1075.0,2.0,3.1652543711976104,2.6965296408692585e-06,75.0,242,42,0.5,1.0,2.0,1000.0,150.0,75.0,<class 'src.agents.rational.RationalDeveloperAgent'>,{},performance
True,-1075.0,2.0,3.1652543711976104,2.6965296408692585e-06,75.0,243,43,0.5,1.0,2.0,1000.0,150.0,75.0,<class 'src.agents.rational.RationalDeveloperAgent'>,{},performance
True,-1075.0,1.0,3.165254487617634,0.0,75.0,244,44,0.5,1.0,2.0,1000.0,150.0,75.0,<class 'src.agents.rational.RationalDeveloperAgent'>,{},performance
True,-1075.0,2.0,3.1652543711976104,2.6965296408692585e-06,75.0,245,45,0.5,1.0,2.0,1000.0,150.0,75.0,<class 'src.agents.rational.RationalDeveloperAgent'>,{},performance
True,-1075.0,1.0,3.165254487617634,0.0,75.0,246,46,0.5,1.0,2.0,1000.0,150.0,75.0,<class 'src.agents.rational.RationalDeveloperAgent'>,{},performance
True,-1075.0,1.0,3.165254487617634,0.0,75.0,247,47,0.5,1.0,2.0,1000.0,150.0,75.0,<class 'src.agents.rational.RationalDeveloperAgent'>,{},performance
True,-1075.0,2.0,3.1652543711976104,2.6965296408692585e-06,75.0,248,48,0.5,1.0,2.0,1000.0,150.0,75.0,<class 'src.agents.rational.RationalDeveloperAgent'>,{},performance
True,-1075.0,2.0,3.1652543711976104,2.6965296408692585e-06,75.0,249,49,0.5,1.0,2.0,1000.0,150.0,75.0,<class 'src.agents.rational.RationalDeveloperAgent'>,{},performance
True,-1075.0,1.0,3.165254487617634,0.0,75.0,250,50,0.5,1.0,2.0,1000.0,150.0,75.0,<class 'src.agents.rational.RationalDeveloperAgent'>,{},performance
True,-1075.0,2.0,3.1652543711976104,2.6965296408692585e-06,75.0,251,51,0.5,1.0,2.0,1000.0,150.0,75.0,<class 'src.agents.rational.RationalDeveloperAgent'>,{},performance
True,-1075.0,1.0,3.165254487617634,0.0,75.0,252,52,0.5,1.0,2.0,1000.0,150.0,75.0,<class 'src.agents.rational.RationalDeveloperAgent'>,{},performance
True,-1075.0,1.0,3.165254487617634,0.0,75.0,253,53,0.5,1.0,2.0,1000.0,150.0,75.0,<class 'src.agents.rational.RationalDeveloperAgent'>,{},performance
True,-1075.0,1.0,3.165254487617634,0.0,75.0,254,54,0.5,1.0,2.0,1000.0,150.0,75.0,<class 'src.agents.rational.RationalDeveloperAgent'>,{},performance
True,-1075.0,2.0,3.1652543711976104,2.6965296408692585e-06,75.0,255,55,0.5,1.0,2.0,1000.0,150.0,75.0,<class 'src.agents.rational.RationalDeveloperAgent'>,{},performance
True,-1075.0,1.0,3.165254487617634,0.0,75.0,256,56,0.5,1.0,2.0,1000.0,150.0,75.0,<class 'src.agents.rational.RationalDeveloperAgent'>,{},performance
True,-1075.0,1.0,3.165254487617634,0.0,75.0,257,57,0.5,1.0,2.0,1000.0,150.0,75.0,<class 'src.agents.rational.RationalDeveloperAgent'>,{},performance
True,-1075.0,1.0,3.165254487617634,0.0,75.0,258,58,0.5,1.0,2.0,1000.0,150.0,75.0,<class 'src.agents.rational.RationalDeveloperAgent'>,{},performance
True,-1075.0,1.0,3.165254487617634,0.0,75.0,259,59,0.5,1.0,2.0,1000.0,150.0,75.0,<class 'src.agents.rational.RationalDeveloperAgent'>,{},performance
True,-1075.0,1.0,3.165254487617634,0.0,75.0,260,60,0.5,1.0,2.0,1000.0,150.0,75.0,<class 'src.agents.rational.RationalDeveloperAgent'>,{},performance
True,-1000.0,2.0,3.1652543711976104,2.6965296408692585e-06,0.0,261,61,0.5,1.0,2.0,1000.0,150.0,75.0,<class 'src.agents.rational.RationalDeveloperAgent'>,{},performance
True,-1075.0,2.0,3.1652543711976104,2.6965296408692585e-06,75.0,262,62,0.5,1.0,2.0,1000.0,150.0,75.0,<class 'src.agents.rational.RationalDeveloperAgent'>,{},performance
True,-1075.0,2.0,3.1652543711976104,2.6965296408692585e-06,75.0,263,63,0.5,1.0,2.0,1000.0,150.0,75.0,<class 'src.agents.rational.RationalDeveloperAgent'>,{},performance
True,-1075.0,2.0,3.1652543711976104,2.6965296408692585e-06,75.0,264,64,0.5,1.0,2.0,1000.0,150.0,75.0,<class 'src.agents.rational.RationalDeveloperAgent'>,{},performance
True,-1075.0,2.0,3.1652543711976104,2.6965296408692585e-06,75.0,265,65,0.5,1.0,2.0,1000.0,150.0,75.0,<class 'src.agents.rational.RationalDeveloperAgent'>,{},performance
True,-1075.0,1.0,3.165254487617634,0.0,75.0,266,66,0.5,1.0,2.0,1000.0,150.0,75.0,<class 'src.agents.rational.RationalDeveloperAgent'>,{},performance
True,-1075.0,1.0,3.165254487617634,0.0,75.0,267,67,0.5,1.0,2.0,1000.0,150.0,75.0,<class 'src.agents.rational.RationalDeveloperAgent'>,{},performance
True,-1075.0,2.0,3.1652543711976104,2.6965296408692585e-06,75.0,268,68,0.5,1.0,2.0,1000.0,150.0,75.0,<class 'src.agents.rational.RationalDeveloperAgent'>,{},performance
True,-1075.0,1.0,3.165254487617634,0.0,75.0,269,69,0.5,1.0,2.0,1000.0,150.0,75.0,<class 'src.agents.rational.RationalDeveloperAgent'>,{},performance
True,-1075.0,2.0,3.1652543711976104,2.6965296408692585e-06,75.0,270,70,0.5,1.0,2.0,1000.0,150.0,75.0,<class 'src.agents.rational.RationalDeveloperAgent'>,{},performance
True,-1075.0,2.0,3.1652543711976104,2.6965296408692585e-06,75.0,271,71,0.5,1.0,2.0,1000.0,150.0,75.0,<class 'src.agents.rational.RationalDeveloperAgent'>,{},performance
True,-1075.0,1.0,3.165254487617634,0.0,75.0,272,72,0.5,1.0,2.0,1000.0,150.0,75.0,<class 'src.agents.rational.RationalDeveloperAgent'>,{},performance
True,-1075.0,1.0,3.165254487617634,0.0,75.0,273,73,0.5,1.0,2.0,1000.0,150.0,75.0,<class 'src.agents.rational.RationalDeveloperAgent'>,{},performance
True,-1075.0,2.0,3.1652543711976104,2.6965296408692585e-06,75.0,274,74,0.5,1.0,2.0,1000.0,150.0,75.0,<class 'src.agents.rational.RationalDeveloperAgent'>,{},performance
True,-1075.0,1.0,3.165254487617634,0.0,75.0,275,75,0.5,1.0,2.0,1000.0,150.0,75.0,<class 'src.agents.rational.RationalDeveloperAgent'>,{},performance
True,-1075.0,1.0,3.165254487617634,0.0,75.0,276,76,0.5,1.0,2.0,1000.0,150.0,75.0,<class 'src.agents.rational.RationalDeveloperAgent'>,{},performance
True,-1075.0,1.0,3.165254487617634,0.0,75.0,277,77,0.5,1.0,2.0,1000.0,150.0,75.0,<class 'src.agents.rational.RationalDeveloperAgent'>,{},performance
True,-1075.0,1.0,3.165254487617634,0.0,75.0,278,78,0.5,1.0,2.0,1000.0,150.0,75.0,<class 'src.agents.rational.RationalDeveloperAgent'>,{},performance
True,-1075.0,2.0,3.1652543711976104,2.6965296408692585e-06,75.0,279,79,0.5,1.0,2.0,1000.0,150.0,75.0,<class 'src.agents.rational.RationalDeveloperAgent'>,{},performance
True,-1075.0,1.0,3.165254487617634,0.0,75.0,280,80,0.5,1.0,2.0,1000.0,150.0,75.0,<class 'src.agents.rational.RationalDeveloperAgent'>,{},performance
True,-1075.0,2.0,3.1652543711976104,2.6965296408692585e-06,75.0,281,81,0.5,1.0,2.0,1000.0,150.0,75.0,<class 'src.agents.rational.RationalDeveloperAgent'>,{},performance
True,-1075.0,1.0,3.165254487617634,0.0,75.0,282,82,0.5,1.0,2.0,1000.0,150.0,75.0,<class 'src.agents.rational.RationalDeveloperAgent'>,{},performance
True,-1075.0,2.0,3.1652543711976104,2.6965296408692585e-06,75.0,283,83,0.5,1.0,2.0,1000.0,150.0,75.0,<class 'src.agents.rational.RationalDeveloperAgent'>,{},performance
True,-1075.0,1.0,3.165254487617634,0.0,75.0,284,84,0.5,1.0,2.0,1000.0,150.0,75.0,<class 'src.agents.rational.RationalDeveloperAgent'>,{},performance
True,-1075.0,1.0,3.165254487617634,0.0,75.0,285,85,0.5,1.0,2.0,1000.0,150.0,75.0,<class 'src.agents.rational.RationalDeveloperAgent'>,{},performance
True,-1075.0,1.0,3.165254487617634,0.0,75.0,286,86,0.5,1.0,2.0,1000.0,150.0,75.0,<class 'src.agents.rational.RationalDeveloperAgent'>,{},performance
True,-1075.0,2.0,3.1652543711976104,2.6965296408692585e-06,75.0,287,87,0.5,1.0,2.0,1000.0,150.0,75.0,<class 'src.agents.rational.RationalDeveloperAgent'>,{},performance
True,-1075.0,2.0,3.1652543711976104,2.6965296408692585e-06,75.0,288,88,0.5,1.0,2.0,1000.0,150.0,75.0,<class 'src.agents.rational.RationalDeveloperAgent'>,{},performance
True,-1075.0,2.0,3.1652543711976104,2.6965296408692585e-06,75.0,289,89,0.5,1.0,2.0,1000.0,150.0,75.0,<class 'src.agents.rational.RationalDeveloperAgent'>,{},performance
True,-1075.0,2.0,3.1652543711976104,2.6965296408692585e-06,75.0,290,90,0.5,1.0,2.0,1000.0,150.0,75.0,<class 'src.agents.rational.RationalDeveloperAgent'>,{},performance
True,-1075.0,1.0,3.165254487617634,0.0,75.0,291,91,0.5,1.0,2.0,1000.0,150.0,75.0,<class 'src.agents.rational.RationalDeveloperAgent'>,{},performance
True,-1075.0,1.0,3.165254487617634,0.0,75.0,292,92,0.5,1.0,2.0,1000.0,150.0,75.0,<class 'src.agents.rational.RationalDeveloperAgent'>,{},performance
True,-1075.0,2.0,3.1652543711976104,2.6965296408692585e-06,75.0,293,93,0.5,1.0,2.0,1000.0,150.0,75.0,<class 'src.agents.rational.RationalDeveloperAgent'>,{},performance
True,-1075.0,1.0,3.165254487617634,0.0,75.0,294,94,0.5,1.0,2.0,1000.0,150.0,75.0,<class 'src.agents.rational.RationalDeveloperAgent'>,{},performance
True,-1075.0,2.0,3.1652543711976104,2.6965296408692585e-06,75.0,295,95,0.5,1.0,2.0,1000.0,150.0,75.0,<class 'src.agents.rational.RationalDeveloperAgent'>,{},performance
True,-1075.0,1.0,3.165254487617634,0.0,75.0,296,96,0.5,1.0,2.0,1000.0,150.0,75.0,<class 'src.agents.rational.RationalDeveloperAgent'>,{},performance
True,-1075.0,2.0,3.1652543711976104,2.6965296408692585e-06,75.0,297,97,0.5,1.0,2.0,1000.0,150.0,75.0,<class 'src.agents.rational.RationalDeveloperAgent'>,{},performance
True,-1075.0,2.0,3.1652543711976104,2.6965296408692585e-06,75.0,298,98,0.5,1.0,2.0,1000.0,150.0,75.0,<class 'src.agents.rational.RationalDeveloperAgent'>,{},performance
True,-1075.0,1.0,3.165254487617634,0.0,75.0,299,99,0.5,1.0,2.0,1000.0,150.0,75.0,<class 'src.agents.rational.RationalDeveloperAgent'>,{},performance
False,-225.0,2.0,3.16523217591329,4.255563888364,225.0,300,0,0.5,1.0,2.0,1000.0,150.0,75.0,<class 'src.agents.rational.RationalDeveloperAgent'>,{},hybrid
False,-225.0,2.0,3.16523217591329,4.255563888364,225.0,301,1,0.5,1.0,2.0,1000.0,150.0,75.0,<class 'src.agents.rational.RationalDeveloperAgent'>,{},hybrid
False,-225.0,1.0,3.165259483801457,3.7018160344154882,225.0,302,2,0.5,1.0,2.0,1000.0,150.0,75.0,<class 'src.agents.rational.RationalDeveloperAgent'>,{},hybrid
False,-225.0,1.0,3.165259483801457,3.7018160344154882,225.0,303,3,0.5,1.0,2.0,1000.0,150.0,75.0,<class 'src.agents.rational.RationalDeveloperAgent'>,{},hybrid
False,-225.0,2.0,3.16523217591329,4.255563888364,225.0,304,4,0.5,1.0,2.0,1000.0,150.0,75.0,<class 'src.agents.rational.RationalDeveloperAgent'>,{},hybrid
False,-225.0,1.0,3.165259483801457,3.7018160344154882,225.0,305,5,0.5,1.0,2.0,1000.0,150.0,75.0,<class 'src.agents.rational.RationalDeveloperAgent'>,{},hybrid
False,-150.0,2.0,3.16523217591329,4.255563888364,150.0,306,6,0.5,1.0,2.0,1000.0,150.0,75.0,<class 'src.agents.rational.RationalDeveloperAgent'>,{},hybrid
False,-225.0,2.0,3.16523217591329,4.255563888364,225.0,307,7,0.5,1.0,2.0,1000.0,150.0,75.0,<class 'src.agents.rational.RationalDeveloperAgent'>,{},hybrid
False,-225.0,1.0,3.165259483801457,3.7018160344154882,225.0,308,8,0.5,1.0,2.0,1000.0,150.0,75.0,<class 'src.agents.rational.RationalDeveloperAgent'>,{},hybrid
False,-225.0,2.0,3.16523217591329,4.255563888364,225.0,309,9,0.5,1.0,2.0,1000.0,150.0,75.0,<class 'src.agents.rational.RationalDeveloperAgent'>,{},hybrid
False,-225.0,2.0,3.16523217591329,4.255563888364,225.0,310,10,0.5,1.0,2.0,1000.0,150.0,75.0,<class 'src.agents.rational.RationalDeveloperAgent'>,{},hybrid
True,-1075.0,2.0,3.16523217591329,4.255563888364,75.0,311,11,0.5,1.0,2.0,1000.0,150.0,75.0,<class 'src.agents.rational.RationalDeveloperAgent'>,{},hybrid
False,-225.0,2.0,3.16523217591329,4.255563888364,225.0,312,12,0.5,1.0,2.0,1000.0,150.0,75.0,<class 'src.agents.rational.RationalDeveloperAgent'>,{},hybrid
False,-225.0,2.0,3.16523217591329,4.255563888364,225.0,313,13,0.5,1.0,2.0,1000.0,150.0,75.0,<class 'src.agents.rational.RationalDeveloperAgent'>,{},hybrid
False,-225.0,1.0,3.165259483801457,3.7018160344154882,225.0,314,14,0.5,1.0,2.0,1000.0,150.0,75.0,<class 'src.agents.rational.RationalDeveloperAgent'>,{},hybrid
False,-225.0,1.0,3.165259483801457,3.7018160344154882,225.0,315,15,0.5,1.0,2.0,1000.0,150.0,75.0,<class 'src.agents.rational.RationalDeveloperAgent'>,{},hybrid
False,-225.0,1.0,3.165259483801457,3.7018160344154882,225.0,316,16,0.5,1.0,2.0,1000.0,150.0,75.0,<class 'src.agents.rational.RationalDeveloperAgent'>,{},hybrid
False,-225.0,1.0,3.165259483801457,3.7018160344154882,225.0,317,17,0.5,1.0,2.0,1000.0,150.0,75.0,<class 'src.agents.rational.RationalDeveloperAgent'>,{},hybrid
False,-150.0,2.0,3.16523217591329,4.255563888364,150.0,318,18,0.5,1.0,2.0,1000.0,150.0,75.0,<class 'src.agents.rational.RationalDeveloperAgent'>,{},hybrid
False,-225.0,2.0,3.16523217591329,4.255563888364,225.0,319,19,0.5,1.0,2.0,1000.0,150.0,75.0,<class 'src.agents.rational.RationalDeveloperAgent'>,{},hybrid
False,-225.0,1.0,3.165259483801457,3.7018160344154882,225.0,320,20,0.5,1.0,2.0,1000.0,150.0,75.0,<class 'src.agents.rational.RationalDeveloperAgent'>,{},hybrid
False,-225.0,2.0,3.16523217591329,4.255563888364,225.0,321,21,0.5,1.0,2.0,1000.0,150.0,75.0,<class 'src.agents.rational.RationalDeveloperAgent'>,{},hybrid
False,-225.0,1.0,3.165259483801457,3.7018160344154882,225.0,322,22,0.5,1.0,2.0,1000.0,150.0,75.0,<class 'src.agents.rational.RationalDeveloperAgent'>,{},hybrid
False,-225.0,1.0,3.165259483801457,3.7018160344154882,225.0,323,23,0.5,1.0,2.0,1000.0,150.0,75.0,<class 'src.agents.rational.RationalDeveloperAgent'>,{},hybrid
False,-150.0,1.0,3.165259483801457,3.7018160344154882,150.0,324,24,0.5,1.0,2.0,1000.0,150.0,75.0,<class 'src.agents.rational.RationalDeveloperAgent'>,{},hybrid
False,-225.0,2.0,3.16523217591329,4.255563888364,225.0,325,25,0.5,1.0,2.0,1000.0,150.0,75.0,<class 'src.agents.rational.RationalDeveloperAgent'>,{},hybrid
False,-225.0,2.0,3.16523217591329,4.255563888364,225.0,326,26,0.5,1.0,2.0,1000.0,150.0,75.0,<class 'src.agents.rational.RationalDeveloperAgent'>,{},hybrid
False,-225.0,1.0,3.165259483801457,3.7018160344154882,225.0,327,27,0.5,1.0,2.0,1000.0,150.0,75.0,<class 'src.agents.rational.RationalDeveloperAgent'>,{},hybrid
False,-225.0,2.0,3.16523217591329,4.255563888364,225.0,328,28,0.5,1.0,2.0,1000.0,150.0,75.0,<class 'src.agents.rational.RationalDeveloperAgent'>,{},hybrid
False,-225.0,1.0,3.165259483801457,3.7018160344154882,225.0,329,29,0.5,1.0,2.0,1000.0,150.0,75.0,<class 'src.agents.rational.RationalDeveloperAgent'>,{},hybrid
False,-225.0,1.0,3.165259483801457,3.7018160344154882,225.0,330,30,0.5,1.0,2.0,1000.0,150.0,75.0,<class 'src.agents.rational.RationalDeveloperAgent'>,{},hybrid
False,-225.0,2.0,3.16523217591329,4.255563888364,225.0,331,31,0.5,1.0,2.0,1000.0,150.0,75.0,<class 'src.agents.rational.RationalDeveloperAgent'>,{},hybrid
False,-225.0,2.0,3.16523217591329,4.255563888364,225.0,332,32,0.5,1.0,2.0,1000.0,150.0,75.0,<class 'src.agents.rational.RationalDeveloperAgent'>,{},hybrid
False,-225.0,1.0,3.165259483801457,3.7018160344154882,225.0,333,33,0.5,1.0,2.0,1000.0,150.0,75.0,<class 'src.agents.rational.RationalDeveloperAgent'>,{},hybrid
False,-225.0,2.0,3.16523217591329,4.255563888364,225.0,334,34,0.5,1.0,2.0,1000.0,150.0,75.0,<class 'src.agents.rational.RationalDeveloperAgent'>,{},hybrid
False,-225.0,1.0,3.165259483801457,3.7018160344154882,225.0,335,35,0.5,1.0,2.0,1000.0,150.0,75.0,<class 'src.agents.rational.RationalDeveloperAgent'>,{},hybrid
False,-225.0,2.0,3.16523217591329,4.255563888364,225.0,336,36,0.5,1.0,2.0,1000.0,150.0,75.0,<class 'src.agents.rational.RationalDeveloperAgent'>,{},hybrid
False,-150.0,1.0,3.165259483801457,3.7018160344154882,150.0,337,37,0.5,1.0,2.0,1000.0,150.0,75.0,<class 'src.agents.rational.RationalDeveloperAgent'>,{},hybrid
False,-225.0,2.0,3.16523217591329,4.255563888364,225.0,338,38,0.5,1.0,2.0,1000.0,150.0,75.0,<class 'src.agents.rational.RationalDeveloperAgent'>,{},hybrid
False,-225.0,2.0,3.16523217591329,4.255563888364,225.0,339,39,0.5,1.0,2.0,1000.0,150.0,75.0,<class 'src.agents.rational.RationalDeveloperAgent'>,{},hybrid
False,-225.0,1.0,3.165259483801457,3.7018160344154882,225.0,340,40,0.5,1.0,2.0,1000.0,150.0,75.0,<class 'src.agents.rational.RationalDeveloperAgent'>,{},hybrid
False,-225.0,2.0,3.16523217591329,4.255563888364,225.0,341,41,0.5,1.0,2.0,1000.0,150.0,75.0,<class 'src.agents.rational.RationalDeveloperAgent'>,{},hybrid
False,-225.0,1.0,3.165259483801457,3.7018160344154882,225.0,342,42,0.5,1.0,2.0,1000.0,150.0,75.0,<class 'src.agents.rational.RationalDeveloperAgent'>,{},hybrid
False,-225.0,2.0,3.16523217591329,4.255563888364,225.0,343,43,0.5,1.0,2.0,1000.0,150.0,75.0,<class 'src.agents.rational.RationalDeveloperAgent'>,{},hybrid
False,-225.0,1.0,3.165259483801457,3.7018160344154882,225.0,344,44,0.5,1.0,2.0,1000.0,150.0,75.0,<class 'src.agents.rational.RationalDeveloperAgent'>,{},hybrid
False,-225.0,1.0,3.165259483801457,3.7018160344154882,225.0,345,45,0.5,1.0,2.0,1000.0,150.0,75.0,<class 'src.agents.rational.RationalDeveloperAgent'>,{},hybrid
False,-225.0,2.0,3.16523217591329,4.255563888364,225.0,346,46,0.5,1.0,2.0,1000.0,150.0,75.0,<class 'src.agents.rational.RationalDeveloperAgent'>,{},hybrid
False,-225.0,1.0,3.165259483801457,3.7018160344154882,225.0,347,47,0.5,1.0,2.0,1000.0,150.0,75.0,<class 'src.agents.rational.RationalDeveloperAgent'>,{},hybrid
False,-225.0,2.0,3.16523217591329,4.255563888364,225.0,348,48,0.5,1.0,2.0,1000.0,150.0,75.0,<class 'src.agents.rational.RationalDeveloperAgent'>,{},hybrid
False,-225.0,1.0,3.165259483801457,3.7018160344154882,225.0,349,49,0.5,1.0,2.0,1000.0,150.0,75.0,<class 'src.agents.rational.RationalDeveloperAgent'>,{},hybrid
False,-225.0,1.0,3.165259483801457,3.7018160344154882,225.0,350,50,0.5,1.0,2.0,1000.0,150.0,75.0,<class 'src.agents.rational.RationalDeveloperAgent'>,{},hybrid
False,-225.0,1.0,3.165259483801457,3.7018160344154882,225.0,351,51,0.5,1.0,2.0,1000.0,150.0,75.0,<class 'src.agents.rational.RationalDeveloperAgent'>,{},hybrid
False,-225.0,2.0,3.16523217591329,4.255563888364,225.0,352,52,0.5,1.0,2.0,1000.0,150.0,75.0,<class 'src.agents.rational.RationalDeveloperAgent'>,{},hybrid
False,-225.0,2.0,3.16523217591329,4.255563888364,225.0,353,53,0.5,1.0,2.0,1000.0,150.0,75.0,<class 'src.agents.rational.RationalDeveloperAgent'>,{},hybrid
False,-225.0,1.0,3.165259483801457,3.7018160344154882,225.0,354,54,0.5,1.0,2.0,1000.0,150.0,75.0,<class 'src.agents.rational.RationalDeveloperAgent'>,{},hybrid
False,-225.0,2.0,3.16523217591329,4.255563888364,225.0,355,55,0.5,1.0,2.0,1000.0,150.0,75.0,<class 'src.agents.rational.RationalDeveloperAgent'>,{},hybrid
False,-225.0,2.0,3.16523217591329,4.255563888364,225.0,356,56,0.5,1.0,2.0,1000.0,150.0,75.0,<class 'src.agents.rational.RationalDeveloperAgent'>,{},hybrid
False,-225.0,2.0,3.16523217591329,4.255563888364,225.0,357,57,0.5,1.0,2.0,1000.0,150.0,75.0,<class 'src.agents.rational.RationalDeveloperAgent'>,{},hybrid
False,-225.0,1.0,3.165259483801457,3.7018160344154882,225.0,358,58,0.5,1.0,2.0,1000.0,150.0,75.0,<class 'src.agents.rational.RationalDeveloperAgent'>,{},hybrid
False,-225.0,2.0,3.16523217591329,4.255563888364,225.0,359,59,0.5,1.0,2.0,1000.0,150.0,75.0,<class 'src.agents.rational.RationalDeveloperAgent'>,{},hybrid
False,-225.0,2.0,3.16523217591329,4.255563888364,225.0,360,60,0.5,1.0,2.0,1000.0,150.0,75.0,<class 'src.agents.rational.RationalDeveloperAgent'>,{},hybrid
False,-225.0,1.0,3.165259483801457,3.7018160344154882,225.0,361,61,0.5,1.0,2.0,1000.0,150.0,75.0,<class 'src.agents.rational.RationalDeveloperAgent'>,{},hybrid
False,-225.0,1.0,3.165259483801457,3.7018160344154882,225.0,362,62,0.5,1.0,2.0,1000.0,150.0,75.0,<class 'src.agents.rational.RationalDeveloperAgent'>,{},hybrid
False,-225.0,2.0,3.16523217591329,4.255563888364,225.0,363,63,0.5,1.0,2.0,1000.0,150.0,75.0,<class 'src.agents.rational.RationalDeveloperAgent'>,{},hybrid
False,-225.0,1.0,3.165259483801457,3.7018160344154882,225.0,364,64,0.5,1.0,2.0,1000.0,150.0,75.0,<class 'src.agents.rational.RationalDeveloperAgent'>,{},hybrid
False,-225.0,1.0,3.165259483801457,3.7018160344154882,225.0,365,65,0.5,1.0,2.0,1000.0,150.0,75.0,<class 'src.agents.rational.RationalDeveloperAgent'>,{},hybrid
False,-225.0,1.0,3.165259483801457,3.7018160344154882,225.0,366,66,0.5,1.0,2.0,1000.0,150.0,75.0,<class 'src.agents.rational.RationalDeveloperAgent'>,{},hybrid
False,-225.0,2.0,3.16523217591329,4.255563888364,225.0,367,67,0.5,1.0,2.0,1000.0,150.0,75.0,<class 'src.agents.rational.RationalDeveloperAgent'>,{},hybrid
False,-225.0,2.0,3.16523217591329,4.255563888364,225.0,368,68,0.5,1.0,2.0,1000.0,150.0,75.0,<class 'src.agents.rational.RationalDeveloperAgent'>,{},hybrid
False,-225.0,1.0,3.165259483801457,3.7018160344154882,225.0,369,69,0.5,1.0,2.0,1000.0,150.0,75.0,<class 'src.agents.rational.RationalDeveloperAgent'>,{},hybrid
False,-225.0,2.0,3.16523217591329,4.255563888364,225.0,370,70,0.5,1.0,2.0,1000.0,150.0,75.0,<class 'src.agents.rational.RationalDeveloperAgent'>,{},hybrid
False,-225.0,2.0,3.16523217591329,4.255563888364,225.0,371,71,0.5,1.0,2.0,1000.0,150.0,75.0,<class 'src.agents.rational.RationalDeveloperAgent'>,{},hybrid
False,-225.0,2.0,3.16523217591329,4.255563888364,225.0,372,72,0.5,1.0,2.0,1000.0,150.0,75.0,<class 'src.agents.rational.RationalDeveloperAgent'>,{},hybrid
False,-225.0,2.0,3.16523217591329,4.255563888364,225.0,373,73,0.5,1.0,2.0,1000.0,150.0,75.0,<class 'src.agents.rational.RationalDeveloperAgent'>,{},hybrid
False,-225.0,2.0,3.16523217591329,4.255563888364,225.0,374,74,0.5,1.0,2.0,1000.0,150.0,75.0,<class 'src.agents.rational.RationalDeveloperAgent'>,{},hybrid
False,-225.0,2.0,3.16523217591329,4.255563888364,225.0,375,75,0.5,1.0,2.0,1000.0,150.0,75.0,<class 'src.agents.rational.RationalDeveloperAgent'>,{},hybrid
False,-225.0,2.0,3.16523217591329,4.255563888364,225.0,376,76,0.5,1.0,2.0,1000.0,150.0,75.0,<class 'src.agents.rational.RationalDeveloperAgent'>,{},hybrid
False,-225.0,2.0,3.16523217591329,4.255563888364,225.0,377,77,0.5,1.0,2.0,1000.0,150.0,75.0,<class 'src.agents.rational.RationalDeveloperAgent'>,{},hybrid
False,-150.0,1.0,3.165259483801457,3.7018160344154882,150.0,378,78,0.5,1.0,2.0,1000.0,150.0,75.0,<class 'src.agents.rational.RationalDeveloperAgent'>,{},hybrid
False,-225.0,2.0,3.16523217591329,4.255563888364,225.0,379,79,0.5,1.0,2.0,1000.0,150.0,75.0,<class 'src.agents.rational.RationalDeveloperAgent'>,{},hybrid
False,-225.0,2.0,3.16523217591329,4.255563888364,225.0,380,80,0.5,1.0,2.0,1000.0,150.0,75.0,<class 'src.agents.rational.RationalDeveloperAgent'>,{},hybrid
False,-225.0,1.0,3.165259483801457,3.7018160344154882,225.0,381,81,0.5,1.0,2.0,1000.0,150.0,75.0,<class 'src.agents.rational.RationalDeveloperAgent'>,{},hybrid
False,-225.0,2.0,3.16523217591329,4.255563888364,225.0,382,82,0.5,1.0,2.0,1000.0,150.0,75.0,<class 'src.agents.rational.RationalDeveloperAgent'>,{},hybrid
False,-225.0,2.0,3.16523217591329,4.255563888364,225.0,383,83,0.5,1.0,2.0,1000.0,150.0,75.0,<class 'src.agents.rational.RationalDeveloperAgent'>,{},hybrid
False,-225.0,2.0,3.16523217591329,4.255563888364,225.0,384,84,0.5,1.0,2.0,1000.0,150.0,75.0,<class 'src.agents.rational.RationalDeveloperAgent'>,{},hybrid
False,-225.0,1.0,3.165259483801457,3.7018160344154882,225.0,385,85,0.5,1.0,2.0,1000.0,150.0,75.0,<class 'src.agents.rational.RationalDeveloperAgent'>,{},hybrid
False,-225.0,1.0,3.165259483801457,3.7018160344154882,225.0,386,86,0.5,1.0,2.0,1000.0,150.0,75.0,<class 'src.agents.rational.RationalDeveloperAgent'>,{},hybrid
False,-225.0,1.0,3.165259483801457,3.7018160344154882,225.0,387,87,0.5,1.0,2.0,1000.0,150.0,75.0,<class 'src.agents.rational.RationalDeveloperAgent'>,{},hybrid
False,-225.0,2.0,3.16523217591329,4.255563888364,225.0,388,88,0.5,1.0,2.0,1000.0,150.0,75.0,<class 'src.agents.rational.RationalDeveloperAgent'>,{},hybrid
False,-225.0,1.0,3.165259483801457,3.7018160344154882,225.0,389,89,0.5,1.0,2.0,1000.0,150.0,75.0,<class 'src.agents.rational.RationalDeveloperAgent'>,{},hybrid
False,-225.0,1.0,3.165259483801457,3.7018160344154882,225.0,390,90,0.5,1.0,2.0,1000.0,150.0,75.0,<class 'src.agents.rational.RationalDeveloperAgent'>,{},hybrid
False,-225.0,1.0,3.165259483801457,3.7018160344154882,225.0,391,91,0.5,1.0,2.0,1000.0,150.0,75.0,<class 'src.agents.rational.RationalDeveloperAgent'>,{},hybrid
False,-225.0,2.0,3.16523217591329,4.255563888364,225.0,392,92,0.5,1.0,2.0,1000.0,150.0,75.0,<class 'src.agents.rational.RationalDeveloperAgent'>,{},hybrid
False,-225.0,2.0,3.16523217591329,4.255563888364,225.0,393,93,0.5,1.0,2.0,1000.0,150.0,75.0,<class 'src.agents.rational.RationalDeveloperAgent'>,{},hybrid
False,-225.0,1.0,3.165259483801457,3.7018160344154882,225.0,394,94,0.5,1.0,2.0,1000.0,150.0,75.0,<class 'src.agents.rational.RationalDeveloperAgent'>,{},hybrid
False,-225.0,2.0,3.16523217591329,4.255563888364,225.0,395,95,0.5,1.0,2.0,1000.0,150.0,75.0,<class 'src.agents.rational.RationalDeveloperAgent'>,{},hybrid
False,-225.0,1.0,3.165259483801457,3.7018160344154882,225.0,396,96,0.5,1.0,2.0,1000.0,150.0,75.0,<class 'src.agents.rational.RationalDeveloperAgent'>,{},hybrid
True,-1075.0,1.0,3.165259483801457,3.7018160344154882,75.0,397,97,0.5,1.0,2.0,1000.0,150.0,75.0,<class 'src.agents.rational.RationalDeveloperAgent'>,{},hybrid
False,-225.0,1.0,3.165259483801457,3.7018160344154882,225.0,398,98,0.5,1.0,2.0,1000.0,150.0,75.0,<class 'src.agents.rational.RationalDeveloperAgent'>,{},hybrid
False,-225.0,2.0,3.16523217591329,4.255563888364,225.0,399,99,0.5,1.0,2.0,1000.0,150.0,75.0,<class 'src.agents.rational.RationalDeveloperAgent'>,{},hybrid
